"San Francisco, CA"
"Los Angeles, CA"
"New York, NY"
"Portland, OR"
"Seattle, WA"
"Oakland, CA"
"San Jose, CA"
"Sacramento, CA"
"Denver, CO"
"Chicago, IL"
"Phoenix, AZ"
"Boston, MA"
"Salt Lake City, UT"
"San Diego, CA"
"Reno, NV"
"Austin, TX"
"Miami, FL"
"Atlanta, GA"
"Dallas, TX"
"Houston, TX"
"Philadelphia, PA"
"Washington, DC"
"Minneapolis, MN"
"Las Vegas, NV"
"Albuquerque, NM"
"Tucson, AZ"
"Fresno, CA"
"Mesa, AZ"
"Kansas City, MO"
"Long Beach, CA"
"Omaha, NE"
"Raleigh, NC"
"Colorado Springs, CO"
"Virginia Beach, VA"
"Oakland, CA"
"Honolulu, HI"
"Anaheim, CA"
"Santa Ana, CA"
"St. Louis, MO"
"Pittsburgh, PA"
"Cincinnati, OH"
"Anchorage, AK"
"Stockton, CA"
"Oakland, CA"
"Corpus Christi, TX"
"Riverside, CA"
"Lexington, KY"
"New Orleans, LA"
"Wichita, KS"
"Arlington, TX"
"Bakersfield, CA"
"Tampa, FL"
"Aurora, CO"
"Honolulu, HI"
"Anaheim, CA"
"Oakland, CA"
"San Jose, CA"
"Sacramento, CA"
"Denver, CO"
"Chicago, IL"
"Phoenix, AZ"
"Boston, MA"
"Salt Lake City, UT"
"San Diego, CA"
"Reno, NV"
"Austin, TX"
"Miami, FL"
"Atlanta, GA"
"Dallas, TX"
"Houston, TX"
"Philadelphia, PA"
"Washington, DC"
"Minneapolis, MN"
"Las Vegas, NV"
"Albuquerque, NM"
"Tucson, AZ"
"Fresno, CA"
"Mesa, AZ"
"Kansas City, MO"
"Long Beach, CA"
"Omaha, NE"
"Raleigh, NC"
"Colorado Springs, CO"
"Virginia Beach, VA"
"Oakland, CA"
"Honolulu, HI"
"Anaheim, CA"
"Santa Ana, CA"
"St. Louis, MO"
"Pittsburgh, PA"
"Cincinnati, OH"
"Anchorage, AK"
"Stockton, CA"
"Oakland, CA"
"Corpus Christi, TX"
"Riverside, CA"
"Lexington, KY"
"New Orleans, LA"
"Wichita, KS"
"Arlington, TX"
"San Francisco, CA"
"Los Angeles, CA"
"New York, NY"
"Portland, OR"
"Seattle, WA"
"Oakland, CA"
"San Jose, CA"
"Sacramento, CA"
"Denver, CO"
"Chicago, IL"
"Phoenix, AZ"
"Boston, MA"
"Salt Lake City, UT"
"San Diego, CA"
"Reno, NV"
"Austin, TX"
"Miami, FL"
"Atlanta, GA"
"Dallas, TX"
"Houston, TX"
"Philadelphia, PA"
"Washington, DC"
"Minneapolis, MN"
"Las Vegas, NV"
"Albuquerque, NM"
"Tucson, AZ"
"Fresno, CA"
"Mesa, AZ"
"Kansas City, MO"
"Long Beach, CA"
"Omaha, NE"
"Raleigh, NC"
"Colorado Springs, CO"
"Virginia Beach, VA"
"Oakland, CA"
"Honolulu, HI"
"Anaheim, CA"
"Santa Ana, CA"
"St. Louis, MO"
"Pittsburgh, PA"
"Cincinnati, OH"
"Anchorage, AK"
"Stockton, CA"
"Oakland, CA"
"Corpus Christi, TX"
"Riverside, CA"
"Lexington, KY"
"New Orleans, LA"
"Wichita, KS"
"Arlington, TX"
"San Francisco, CA"
"Los Angeles, CA"
"New York, NY"
"Portland, OR"
"Seattle, WA"
"Oakland, CA"
"San Jose, CA"
"Sacramento, CA"
"Denver, CO"
"Chicago, IL"
"Phoenix, AZ"
"Boston, MA"
"Salt Lake City, UT"
"San Diego, CA"
"Reno, NV"
"Austin, TX"
"Miami, FL"
"Atlanta, GA"
"Dallas, TX"
"Houston, TX"
"Philadelphia, PA"
"Washington, DC"
"Minneapolis, MN"
"Las Vegas, NV"
"Albuquerque, NM"
"Tucson, AZ"
"Fresno, CA"
"Mesa, AZ"
"Kansas City, MO"
"Long Beach, CA"
"Omaha, NE"
"Raleigh, NC"
"Colorado Springs, CO"
"Virginia Beach, VA"
"Oakland, CA"
"Honolulu, HI"
"Anaheim, CA"
"Santa Ana, CA"
"St. Louis, MO"
"Pittsburgh, PA"
"Cincinnati, OH"
"Anchorage, AK"
"Stockton, CA"
"Oakland, CA"
"Corpus Christi, TX"
"Riverside, CA"
"Lexington, KY"
"New Orleans, LA"
"Wichita, KS"
"Arlington, TX"
